,id,comment,author,likecount,publishedAt
0,UgwT9AYb5Hq7Q1fwcIF4AaABAg,"–ó–¥–∞—Ä–æ–≤–∞ —ë–ø—Ç –≤–∞—à—É –º–∞—Ç—å, —è —Ç—É—Ç —Ä–∞–∑—Ä–æ–¥–∏–ª—Å—è –≤–∏–¥–æ—Å–æ–º. –ü—Ä–∏—è—Ç–Ω–æ –ø—Ä–æ—Å–º–æ—Ç—Ä–∞ —á—Ç–æ –ª–∏ =)",–ë–∏—Ñ–æ',59,2021-05-01T17:58:48Z
1,Ugwou3_t-3nYYjlFuqZ4AaABAg,–í–æ—Ç —Ç–∞–∫–∏–µ –≤–∏–¥–æ—Å –ø—Ä–æ –∏–≥—Ä—É —Ç–æ–ø. –ü–æ–∂–∏–ª–æ–π –ë–∏—á –ø–∞–∫–µ—Ç –µ—Å–ª–∏ —Ç—ã –∏–≥—Ä–∞–ª –ë–ª–∞–¥ –ë–æ—Ä–Ω —Ç–æ –∑–¥–µ–ª–∞–π –≤–∏–¥–æ—Å–∏–∫ –ø—Ä–æ –π–æ–≥–æ.,Pasha Gromov,0,2021-06-27T06:22:38Z
2,UgzT7yZjkY1dOYHZJat4AaABAg,–ê–Ω–∏–º–∞—Ü–∏—è –ø–æ —á–µ—Ç–≤–µ—Ä—Ç–æ–º—É —Ä–µ–∑–∏–∫—É –±—É–¥–µ—Ç?,Mr Grom,1,2021-06-23T17:49:24Z
3,Ugyxr1xxOhB8xUeX6cl4AaABAg,—è –Ω–µ–¥–∞–≤–Ω–æ –ø–µ—Ä–µ—Å–º–∞—Ç—Ä–∏–≤–∞–ª –æ–∑–≤—É—á–∫–∏ –¥–∞–±–∏–∫—Ä–∞–±–∏–∫–∞ –Ω–∞ theood1sout –∏ —Ç–∞–º –±—ã–ª–∞ —Ä–µ–∫–ª–∞–º–∞ —ç—Ç–æ–≥–æ –∫–∞–Ω–∞–ª–∞ –≥–¥–µ —Å–∫–∞–∑–∞–ª–∏ —á—Ç–æ (–Ω–∞ —Ç–æ—Ç –º–æ–º–µ–Ω—Ç) —Ç—É—Ç —Ç–æ–ª—å–∫–æ –æ–¥–Ω–æ –≤–∏–¥–µ–æ –∏ –º–Ω–µ —Å—Ç–∞–ª–æ –∏–Ω—Ç–µ—Ä–µ—Å–Ω–æ –∂–∏–≤ –ª–∏ –∫–∞–Ω–∞–ª –ø–æ —Å–µ–π —Å–µ–Ω—å,I am kiraninariko,0,2021-06-16T21:20:35Z
4,UgyHOUYQHWknKUzv3fl4AaABAg,–ù—É –ø–æ—á–µ–º—É —Ç–µ–±—è —Ç–∞–∫ –º–∞–ª–æ —Å–º–æ—Ç—Ä—è—Ç((( —Ç—ã –∂–µ —Ä–µ–∞–ª—å–Ω–æ –∫—Ä—É—Ç–æ –¥–µ–ª–∞–µ—à—å. –ú–æ–∂–µ—Ç –ø–æ–¥–¥–∞—Ç—å—Å—è —Ç—Ä–µ–Ω–¥–∞–º –∏ –Ω–∞ –¢–∏–∫–¢–æ–∫  —á—Ç–æ —Ç–æ —Å–Ω–∏–º–∞—Ç—å. –ú–æ–∂–µ—Ç —Ç–∞–º –¥–µ–ª–æ –ø–æ–π–¥–µ—Ç.,Shaiser,0,2021-06-14T23:01:21Z
5,Ugw1uG5JIvI1FJNVFR94AaABAg,"Lol –∫—Ä–∞—Å–Ω–æ–µ&–±–µ–ª–æ–µ –∫–∏–±–µ—Ç, –∫—Ç–æ —Ç–æ –≤ —Ç–∞—Ç–∞—Ä—Å—Ç–∞–Ω–µ —á–∏–ª–∏—Ç)",BaRaSh Baraska,0,2021-05-24T18:09:11Z
6,UgxD3plWLGDdJzxWlN94AaABAg,"–ë–∏—Ñ–æ –±—Ä–∞—Ç–∞–Ω—á–∏–∫, –Ω–µ –ø—Ä–æ–ø–∞–¥–∞–π –ø–æ–∂–∞–ª—É–π—Å—Ç–∞... —Ç—ã —Ä–µ–∞–ª—å–Ω–æ —Ç–∞–ª–∞–Ω—Ç–ª–∏–≤—ã–π —á–æ—Ä—Ç, –Ω—É –∏–ª–∏ —á—ë—Ä—Ç( –∫–∞–∫ —É–≥–æ–¥–Ω–æ) —Ç—ã –≤–¥–æ—Ö–Ω–æ–≤–ª—è–µ—à—å –Ω–∞—Å... –Ω—É —Ö–æ—Ç—è... –º–Ω—ç.
–í –æ–±—â–µ–º —Ç—ã –∫—Ä—É—Ç, —è —Ä–∞–¥–∏ —Ç–µ–±—è –¥–∞–∂–µ –¥–µ–≤—Å—Ç–≤–µ–Ω–Ω–æ—Å—Ç–∏ –Ω–µ —Ç–µ—Ä—è–ª.
–°—Ç–æ–ø... –∫—Ö–º, –≤ –æ–±—â–µ–º –±—Ä–æ –¥–∞–≤–∞–π —É–¥–∞—á–∏ —Ç–µ–±–µ!!!",RedSFurs,1,2021-05-14T20:41:07Z
7,UgxJNltC6L1QkM04B2t4AaABAg,–ó–∞—à—ë–ª –ø–æ –Ω–∞—Å—Ç–æ–ª—å–≥–∏—Ä–æ–≤–∞—Ç—å —Å–ø—É—Å—Ç—è –≥–æ–¥ –ø–æ—Å–ª–µ –æ—Ç–ø–∏—Å–∫–∏ —É–≤–∏–¥–µ–ª —á—Ç–æ –æ–Ω–æ –∂–∏–≤–æ–µ –ø–æ–¥–ø–∏—Å–∞–ª—Å—è –≤–Ω–æ–≤—å,No Name,0,2021-05-06T08:41:55Z
8,UgzA6dXFLuIdrjfrbN14AaABAg,–£—Ö –∂–µ—Å—Ç—å –∫–∞–∫ —è –¥–æ–≤–Ω–æ —ç—Ç–æ –∂–¥–∞–ª —Å–µ–π—á–∞—Å —Ç–æ–ª—å–∫–æ —Ä–µ–∫–æ–º–µ–Ω–¥–∞—Ü–∏–∏  –ø—Ä–∏—à–ª–æ,Dazel Ful,0,2021-05-06T00:43:01Z
9,UgyduohUyrLpwiRIb9B4AaABAg,–ê—Ö—É–µ... –Ø –¥—É–º–∞–ª —Ç—ã –µ—â–µ –≤ 2016 —É–º–µ—Ä,123 [H2O],0,2021-05-05T20:22:55Z
10,UgxizMFJwH7bNxkqhsZ4AaABAg,"8:03
–î–µ–¥ —Ä–∞—Å—Å–∫–∞–∑—ã–≤–∞–µ—Ç –∫–∞–∫ –æ–Ω –≤ –¥–µ—Ç—Å—Ç–≤–µ –¥–æ–±–∏—Ä–∞–ª—Å—è –¥–æ —à–∫–æ–ª—ã",X RAY,1,2021-05-05T09:03:39Z
11,UgxcMjjce9_UrUSqytl4AaABAg,–í–æ—Ç –±—ã —Ç–∞–∫-–∂–µ –Ω–∞–ø—Ä–∞–∫–æ–Ω —Å–Ω–∏–º–∞–ª –Ω–æ –Ω–µ–µ–µ—Ç –¥–∞–≤–∞–π –±—É–¥–µ–º —Å—Ç—Ä–∏–º–∏—Ç—å —è–∫—É–¥–∑—É...,SENPAI!!,1,2021-05-05T08:32:48Z
12,UgwnTbQ0_8L4qitPEQV4AaABAg,–ë–∏—Ñ–æ –≤–æ—Å–∫—Ä–µ—Å–µ–Ω!,Monkovich Production,2,2021-05-04T12:21:19Z
13,UgzjgAXd6ozbXa7Elux4AaABAg,"–ï–±–∞—Ç—å, –æ–Ω–æ –∂–∏–≤–æ–µ!
–ö–∞–∫ —è —ç—Ç–æ–º—É —Ä–∞–¥!",Anatoly Mamonov,0,2021-05-04T09:27:17Z
14,Ugz9RRvZmiCVZ_KbDNx4AaABAg,"–ü–µ—Å–Ω—è E VE!!! Outsider —Ç–æ–ø
–ö—Å—Ç–∞—Ç–∏, —Ç—ã –∂–∏–≤–æ–π –æ–∫–∞–∑—ã–≤–∞–µ—Ç—Å—è",NeKO AnoXXiN,1,2021-05-04T08:38:09Z
15,UgwC8beXPD-_mUQZrHB4AaABAg,"–ì–µ–π–º–ø–ª–µ–π, –Ω—É —Ç–∞–∫, —Å–∫—É—á–Ω–æ–≤–∞—Ç –ø—Ä—è–º, –Ω–æ —è –≤–ø–µ—Ä–≤—ã–µ –≤ –∏–≥—Ä–µ –∂–¥–∞–ª –∫–∞—Ç —Å—Ü–µ–Ω—ã –∏ –æ–Ω–∏ –±—ã–ª–∏ —Ä–µ–∞–ª—å–Ω–æ –∏–Ω—Ç–µ—Ä–µ—Å–Ω—ã, –Ω—É –≤ —Ü–µ–ª–æ–º –º–Ω–µ –ø–æ–Ω—Ä–∞–≤–∏–ª–æ—Å—å",—Ö–∞–Ω—ã–≥–∞ –∑–∞–±—É–ª–¥—ã–≥–æ–≤,0,2021-05-04T06:35:49Z
16,UgzFboULO8FXnLVUPTV4AaABAg,–ú—ã –∂–¥–∞–ª–∏ –∏ –∂–¥–∞–ª–∏ –º—ã –¥–æ–∂–¥–∞–ª–∏—Å—å)))),–ê–Ω—Ç–æ–Ω –°–æ–∫–æ–ª–æ–≤,0,2021-05-03T18:55:47Z
17,UgyGM27s-yzhklspCml4AaABAg,"–ö–ê–ö –ù–ï –ñ–ò–í–û–ô, –ù–û –°**–ê –ñ–ò–í–û–ô",AmonimousRUS,1,2021-05-03T08:02:26Z
18,UgxH73bTcEYtPpQSROx4AaABAg,–≠—Ç–æ—Ç –º–∞–≥ –≥–æ–≤–Ω–∞ –æ–ø—è—Ç—å –≤—ã–ø—É—Å–∫–∞–µ—Ç –∞—Ö—É–µ–Ω–Ω—ã–µ –≤–∏–¥–æ—Å –∏ —É—Ö–æ–¥–∏—Ç –≤ —Å–≤–æ—é —Å—ã—á–µ–≤–∞–ª—å–Ω—é —Ñ–∞—Ä–º–∏—Ç—å –ø—Ä—ã—â–∏. –ë–∏—Ñ–æ –≤–æ—Å–∫—Ä–µ—Å,–ó–µ–ª–µ–Ω—ã–π –°–ª–æ–Ω–∏–∫,0,2021-05-03T06:29:08Z
19,UgyOluG5M3rl5I6a0694AaABAg,"12:08 - 12:26 , –Ω—É–∂–Ω–∞ —á–∞—Å–æ–≤–∞—è –≤–µ—Ä—Å–∏—è",Risus Urna,0,2021-05-03T03:17:07Z
20,UgwqBa7swGqOii-C1gl4AaABAg,"–¢—ã —á—Ç–æ, –∂–∏–≤–æ–π?",–†–∏–º—É—Ä—É –¢–µ–º–ø–µ—Å—Ç,0,2021-05-03T00:52:29Z
21,Ugw6FeNHw4_gdzEiliF4AaABAg,"–Ø –ø–æ–Ω—è–ª —Ç–æ–ª—å–∫–æ —Ç–æ —á—Ç–æ, —Ç—ã –ø–æ–¥—Å–µ–ª –Ω–∞ –º—É–∑—ã–∫—É –∏—Å–ø–æ–ª–Ω–∏—Ç–µ–ª—è Ev e",Furry Fluffy Tail,0,2021-05-02T21:22:19Z
22,UgxNIstIX26yUrlCF4N4AaABAg,It's alive! It's alive! IT'S ALIVE!!,–ê–ª–µ–∫—Å–µ–π –õ—è–Ω–≥—É–∑–æ–≤,0,2021-05-02T18:08:27Z
23,Ugx9fRhYvx4lAUAPwqF4AaABAg,"–†–∞–Ω—å—à–µ –æ–Ω –ø—Ä–∏—Ö–æ–¥–∏–ª, –∫–æ–≥–¥–∞ –º—ã –≤ –Ω—ë–º –Ω—É–∂–¥–∞–ª–∏—Å—å. –¢–µ–ø–µ—Ä—å –æ–Ω –ø—Ä–∏—Ö–æ–¥–∏—Ç, –∫–æ–≥–¥–∞ —Ö–æ—á–µ—Ç —Ä–∞—Å—Å–∫–∞–∑–∞—Ç—å –æ –∏–≥—Ä–µ, –∫–æ—Ç–æ—Ä—É—é –ø—Ä–æ—à—ë–ª.",schoLari,1,2021-05-02T16:48:16Z
24,UgzTqsFwV4pNwwwT1oJ4AaABAg,–Ø –¥—É–º–∞–ª —Ç–µ–±—è —á–µ—Ä–Ω–∞—è –∂–∏–∂–∞ –∑–∞—Ç—è–Ω—É–ª–∞ –∏ –æ—Ç —Ç–µ–±—è –≤–∏–¥–æ—Å–æ–≤ –±–æ–ª—å—à–µ –Ω–µ —Å—Ç–æ–∏—Ç –∂–¥–∞—Ç—å,–ê–ª–µ–∫—Å–µ–π –ü—É–ø–∫–∏–Ω,0,2021-05-02T13:26:27Z
25,UgzX1536MmgcMGVOZt14AaABAg,–£–£–£ –ù–û–í–û–ï –í–ò–î–ò–û –ü–û–ù–ò–ú–ê–Æ,–ú–∞–∫—Å–∏–º –û—Å—è–Ω–∏–Ω,0,2021-05-02T12:32:51Z
26,UgycHY3OWSJkZuGAoIZ4AaABAg,–û–≥–æ.... –•—Ç–æ —Ç—ã?,–ö–∏—Ä–∏–ª–ª –ø—à–µ–Ω–Ω–∏–∫–æ–≤,0,2021-05-02T09:06:38Z
27,UgzBH-lBRzXVIhY8kPt4AaABAg,–†–∞–¥ —Ç–µ–±—è —Å–ª—ã—à–∞—Ç—å —á—É–≤–∞–∫!!!–í–∏–¥–æ—Å –∫–∞–∫ –≤—Å–µ–≥–¥–∞ –Ω–∞ –≤—ã—Å–æ—Ç–µ!,–ù–∏–∫–æ–ª–∞–π –ß–µ—Ä–µ–Ω–∫–æ–≤,0,2021-05-02T08:09:27Z
28,Ugzp0EfTZ8MkDXabqHF4AaABAg,"–±–ª—è—Ç—å, –∞ —Ö—Ä–∏—Å—Ç–æ—Å —Ç–æ —Ä–µ–∞–ª—å–Ω–æ –≤–æ—Å–∫—Ä–µ—Å",agressor,0,2021-05-02T07:44:38Z
29,UgyRsSaRed-SgZ9ARBR4AaABAg,–£—Ä–∞–∞–∞–∞–∞–∞–∞–∞–∞—Ö—Ö—Ö—Ö—Ö—Ö—Ö—Ö.,–î–∏–∞—Å –•–∞—Å–µ–Ω–æ–≤,0,2021-05-02T06:53:30Z
30,Ugz-Sk0mlijk6_0XQ7p4AaABAg,–¢—ã –∫–∞–∫ –∏–∑ –º–æ–≥–∏–ª—ã –≤—ã–ª–µ–∑?,–ì—Ä–∏–≥–æ—Ä—å–µ–≤ –ú–∞–∫—Å–∏–º,0,2021-05-02T06:34:05Z
31,UgzP4EXnDPFOyZNyLrl4AaABAg,–û–≥–æ —Ç–∞–∫ –æ–Ω –µ—â—ë –Ω–µ —É–º–µ—Ä?!,—è,0,2021-05-02T06:26:07Z
32,UgyA0IvfpKyTWd3xSgl4AaABAg,"–ë–∏—Ñ–æ'  –≤–æ—Å–∫—Ä–µ—Å!
–í–æ–∏—Å—Ç–∏–Ω—É –≤–æ—Å–∫—Ä–µ—Å!!!",NaoMi,3,2021-05-02T05:43:53Z
33,UgwJWk80_oFMY6jVwhZ4AaABAg,"–ù–µ—Ç, –Ω–µ –¥–∞–≤–∞–π –º–Ω–µ –Ω–∞–¥–µ–∂–¥—É 
–¢—ã –≤–µ–¥—å –≤—ã–ø—É—Å—Ç–∏—Ç—å –≤–∏–¥–µ–æ –∏ –æ–ø—è—Ç—å —É–π–¥–µ—à—å...",Fureman Alex,1,2021-05-02T05:30:31Z
34,UgzGuxoJ5ZFiwN8Q_nV4AaABAg,–¢—ã –∂–∏–≤–æ–π? –ê—Ö—É–µ—Ç—å,–ü–µ–ª—å–º–µ—à–∫–∞,0,2021-05-02T04:48:57Z
35,UgyUrIBJYjXuZUrgC3N4AaABAg,"–ï–µ–µ–µ. –ú–Ω–µ –∫–∞–∂–µ—Ç—Å—è —á—Ç–æ —ç—Ç–æ—Ç –æ–±–∑–æ—Ä –ª—É—á—à–µ –ø–æ–ª–æ–≤–∏–Ω—ã —Ä–æ–ª–∏–∫–æ–≤ –º–∞—Ä–º–æ–∫–∞, –∞ —ç—Ç–æ –≤–µ—Å—å–º–∞ –Ω–µ–ø–ª–æ—Ö–æ",Alek Lavr,1,2021-05-02T04:18:23Z
36,Ugy3LOij8lzG5UhpO2F4AaABAg,"–û—Ç–ø–∏—Å—á–∏–∫–∏, –ø–æ–¥–ø–∏—Å—ã–≤–∞–π—Ç–µ—Å—å",Saint_F0x,0,2021-05-02T04:00:54Z
37,UgzehULKJDS__FEufkV4AaABAg,"–ù–µ –Ω—É –∫–ª–∞—Å—Å–Ω—ã–π –º—É–∂–∏–∫, –ª–∞–π–∫",Mr Toporik,2,2021-05-02T03:27:36Z
38,UgzbddS2PHn7M0LGAbV4AaABAg,–û –º–æ–π –±–æ–≥ –ø–∞–ø–æ—á–∫–∞ —Ç—ã –∂–∏–≤,Seizishka Tyan,1,2021-05-02T02:54:42Z
39,UgxyEIMLtokWAdn8AAN4AaABAg,"Death Stranding - —ç—Ç–æ –ø—Ä–æ–µ–∫—Ç, –∫ –∫–æ—Ç–æ—Ä–æ–º—É –º—ã –±—ã–ª–∏ –Ω–µ –≥–æ—Ç–æ–≤—ã.",Neon Neiny,1,2021-05-01T23:36:14Z
40,UgxUb7hFpyndwSdf0gB4AaABAg,–Ø –¥—É–º–∞–ª —Ç—ã –∑–∞–±—Ä–æ—Å–∏–ª –∫–∞–Ω–∞–ª –±–∏—Ñ—ã—á,–î–∞–Ω–∏–ª–∞ –°–∞–≤–µ–Ω–∫–æ,1,2021-05-01T22:38:01Z
41,UgwhVc73QuhBdKPC57d4AaABAg,"–û–Ω–æ –∂–∏–≤–æ–µ, –Ω–æ —Å–ª–æ–≤–Ω–æ –Ω–µ–∂–∏–≤–æ–µ",–•–∞–π–∑,1,2021-05-01T22:21:16Z
42,Ugw785bHuKe8F3-_Efl4AaABAg,–ë–∏—Ñ–æ –∂–∏–≤!,xrenak four,0,2021-05-01T22:11:03Z
43,UgxGTauscx2K12qRSdZ4AaABAg,+ —è —Ç–æ–∂–µ —Å—Ç–∞—Ä—ã–π ( –º–Ω–µ 14),ILOBRY,0,2021-05-01T22:02:22Z
44,UgyuR32S_CzInVRyw_d4AaABAg,–°–ø—Å –∑–∞ –≤–∏–¥–æ—Å —Ç–æ–ª—å–∫–æ –∫—Ç–æ –≤—ã –º–æ–ª–æ–¥–æ–π —á–µ–ª–æ–≤–µ–∫,ILOBRY,1,2021-05-01T21:48:20Z
45,UgztXSG3bitI6h82RG94AaABAg,"–ê, –Ω—É —É–≤–∞–∂–∏—Ç–µ–ª—å–Ω–∞—è –ø—Ä–∏—á–∏–Ω–∞ –æ—Ç—Å—É—Ç—Å—Ç–≤–∏—è",Zyzik Matroskin,0,2021-05-01T21:39:43Z
46,UgzIig47GfadnWFe-9F4AaABAg,–Ø –ø–æ–ª–∞–≥–∞—é 6 –ø–æ—Å–ª–µ–¥–Ω–∏—Ö –º–µ—Å—è—Ü–µ–≤ —Ç—ã —ç—Ç–∏–º –∏ –∑–∞–Ω–∏–º–∞–ª—Å—è?,–ô–æ–≥—É—Ä—Ç –ù–∞—Ç—É—Ä–∞–ª—å–Ω—ã–π,0,2021-05-01T21:19:38Z
47,UgxQVwaCo--75FN4ZQd4AaABAg,–ü–æ—á–µ–º—É  –ø—Ä–æ –º—É–∑—ã–∫—É –Ω–∏—á–µ–≥–æ –Ω–µ—Å–∫–∞–∑–∞–Ω–Ω–æ,–†–∞–Ω–¥–æ–º —á–µ–ª,0,2021-05-01T21:18:46Z
48,UgxihlCUufjtRPlyrnt4AaABAg,–∫–∞–∫ –º–Ω–æ–≥–æ —Ç—Ä–µ–∫–æ–≤ Eve –≤ –≤–∏–¥–æ—Å–µ) –Ω—É —ç—Ç–æ –æ–¥–Ω–æ–∑–Ω–∞—á–Ω—ã–π –ª–∞–π–∫,Rgomba,1,2021-05-01T21:17:27Z
49,UgxNIP02e31h0JFQ3mV4AaABAg,—á—Ç–æ –∑–∞ —Ç—Ä–µ–∫ –≤ –Ω–∞—á–∞–ª–µ?),Seventh,1,2021-05-01T20:42:15Z
50,UgwQHNon-9O4O-M25oB4AaABAg,–ó–∞ –æ–ø–µ–Ω–∏–Ω–≥ –∏–∑ –¥–æ—Ä–æ—Ö–µ–¥–æ—Ä–∞ –≤ –Ω–∞—á–∞–ª–µ –ª–∞–π–∫,SwaGer 07,3,2021-05-01T20:39:38Z
51,UgzQrfg7bFtCiuhN_2p4AaABAg,–ë–∏—Ñ–æ –ø—Ä–æ—Ö–æ–¥–∏–ª Death Stranding 6 –º–µ—Å—è—Ü–µ–≤~,Robidashka,0,2021-05-01T20:34:54Z
52,UgxYMFmlsJTRyfGSvul4AaABAg,–û–ù–û –ñ–ò–í–û–ï!,–†–∞—à—ç–Ω Nerd,0,2021-05-01T20:33:37Z
53,Ugx-VRE9mUhbp90wCxF4AaABAg,"–ï–±–∞—Ç—å, –∫–∞–∫ –∂–µ —è —Ä–∞–¥ –±—ã–ª —É—Å–ª—ã—à–∞—Ç—å –∏ –ë–∏—Ñ–æ, –∏ –ú–æ—Ä–∫–æ–≤–∫—É! –í–∞—â–µ –±–∞–ª–¥–µ—é —Å –≤–∞—à–∏—Ö –≥–æ–ª–æ—Å–æ–≤.",Troll Ololoev,15,2021-05-01T20:24:24Z
54,UgyuCC1Rda_Q_nXYws94AaABAg,–£—Ä—è—è—è –Ω–æ–≤—ã–π –≤–∏–¥–æ—Å –±–∏—Ñ–æ,–≠–ª–∏–º–∞—Å—Å,1,2021-05-01T20:06:59Z
55,Ugw6mbRQT3iwtCAz17d4AaABAg,–û–Ω–æ –∂–∏–≤–æ–µ!!!,Soldier Duck,0,2021-05-01T20:03:48Z
56,UgwTa47RejeJ2CQBasV4AaABAg,–ï–±–∞ –¥–∞ —Ç—ã –∂—ã–≤!!!,Dio,0,2021-05-01T20:01:44Z
57,Ugwl_eLfnOLmUp7hieF4AaABAg,"–ù–∏—Ö—É—è —Å–æ–±–∏, –•—Ä–∏—Å—Ç–æ—Å –í–æ—Å–∫—Ä–µ—Å–µ!",–ê—Ä—Å–µ–Ω –ë–∞–∞–∞–ª–¥—ë–∂–Ω—ã–π,0,2021-05-01T19:41:12Z
58,Ugz3SfO-9N3k7UyRb8d4AaABAg,–° –∫–ª–∞–≤–æ–π —è –ø—Ä—è–º –ø—Ä–æ—á—É–≤—Å—Ç–≤–æ–≤–∞–ª –≤—Å—é —ç—Ç—É –±–æ–ª—å ‚úäüòî,–†—É–¢–ï–ó–∞,0,2021-05-01T19:40:33Z
59,UgykbyG8JtmfyL-2eAZ4AaABAg,–û—Ö–∞–∞–∞–∞—ë,Latias Day,0,2021-05-01T19:18:49Z
60,Ugyzd1NzgPXgm8EFESd4AaABAg,–°–ø–∞—Å–∏–±–æ —á—Ç–æ –∂–∏–≤–æ–π,–ö–æ—Ä–æ–ª—å –Ω–µ—É–¥–∞—á(KOF),1,2021-05-01T19:14:25Z
61,UgwyGFHbw1DiMVvkJg54AaABAg,"–û, —Ç—ã –∂–∏–≤–æ–π. 
                        –ê —è —Ö—É–¥–æ–∂–Ω–∏–∫.",–ì–ª–µ–± –®–∞—Ä–∏–ø–æ–≤,1,2021-05-01T18:59:32Z
62,UgwTIKhCPe3rwW-O90l4AaABAg,"–†–æ–ª–∏–∫ —Ç–æ–ø –∫–∞–∫ –≤—Å–µ–≥–¥–∞, —Å—Ç–∞–≤–ª—é –∂–∏—Ä–Ω—ã–π –ª—É–∫–∞—Å –ø–æ–¥ –≤–∏–¥–æ—Å",–°–∫–æ–ª—É—Ö–∞,3,2021-05-01T18:53:51Z
63,UgzWF_jh44KXVVvmoIB4AaABAg,–Ø —Ç–∞–∫ –ø–æ–Ω–∏–º–∞—é –ë–∏—Ñ–æ –ø–µ—Ä–µ—à—ë–ª –Ω–∞ –ó—É–ª–∏–Ω-–≤—Ä–µ–º—è?,Red Cap,1,2021-05-01T18:49:59Z
64,Ugxe7AfPBdIX89x2bFN4AaABAg,"–ê—Ö—É–µ—Ç—å –∏ –ø–æ–ª—É –≥–æ–¥–∞ –Ω–µ –ø—Ä–æ—à–ª–æ. *–¢–∞–∫ —Å—Ç–æ–ø*





-–ë–∏—Ñ–æ —ÇüÖøÔ∏èüÖ∞Ô∏è‚ùå–Ω–∏ –º–µ–Ω—è-",inke TROLL,2,2021-05-01T18:45:52Z
65,UgzMK6O1M5vjIBa5WYR4AaABAg,–û–Ω –µ—â–µ –ø–æ–º–Ω–∏—Ç —ç—Ç–æ—Ç –∫–∞–Ω–∞–ª?,PeMi,2,2021-05-01T18:43:34Z
66,UgzgdKh_3BZ8u52_LF54AaABAg,–ö–∞–∂–¥–æ–µ –Ω–æ–≤–æ–µ –≤–∏–¥–µ–æ –∫–∞–∫ –≥—Ä–æ–º —Å—Ä–µ–¥—å —è—Å–Ω–æ–≥–æ –Ω–µ–±–∞.,Den6668,19,2021-05-01T18:40:31Z
67,Ugx7Hyn_dkJSIkRpCc94AaABAg,"–ë–ª—è, –æ–ø—è—Ç—å –¥–æ—Ä–æ—Ö–µ–¥–æ—Ä–æ –ø–µ—Ä–µ—Å–º–∞—Ç—Ä–∏–≤–∞—Ç—å. –ù—É, —á—Ç–æ —Ç—ã –Ω–∞–¥–µ–ª–∞–ª",–¥–µ–Ω4–∫ –¥–æ–Ω—Å–∫–æ–π,0,2021-05-01T18:26:52Z
68,UgwmHIXPAIO127Xc_q54AaABAg,–ó–¥–∞—Ä–æ–≤–∞ –ë–∏—Ñ–æ),–ú–∞–∫—Å,2,2021-05-01T18:24:46Z
69,Ugya0AktX3LkcykyjOB4AaABAg,–¢—ã –∫—Ç–æ?,Tumypka,1,2021-05-01T18:23:48Z
70,UgwlOOBUOyFGMdTiL8B4AaABAg,–¢—ã –∫—Ç–æ?,Manis,1,2021-05-01T18:22:15Z
71,Ugy-JI-3bStzSKwn6Dp4AaABAg,"–ï–±—Ç—å, –æ–Ω–æ –∂–∏–≤–æ–µ",Mr.Hurmanio,0,2021-05-01T18:19:20Z
72,UgyQLp3FakDrJJIGGQt4AaABAg,"–õ—É—á—à–µ–µ –≤ –∏–≥—Ä–µ, —ç—Ç–æ —Ç–æ—Ä—Ç–∏–∫",–ü–æ–ª–∏–Ω–∞ –î–∞–Ω–∏–ª–æ–≤–∞,0,2021-05-01T18:17:18Z
73,UgyGGaNKWmyOHT5C2X94AaABAg,6 –º–µ—Å—è—Ü–µ–≤.... –¢—ã –ê—Ö###–ª,Mr. Frayke,0,2021-05-01T18:16:30Z
74,UgxHlbMO8uBKJrsoeGx4AaABAg,"–ù–µ–ø–∏—à–∏—Ç–µ, —è –∂–∏–≤–æ–π –∏–ª–∏, –æ–Ω –≤–µ—Ä–Ω—É–ª—Å—è, –Ω–µ –Ω–∞–¥–æ –ø–æ–∂–∞–ª—É–π—Å—Ç–∞.",–∫–∞–∫–æ–π —Ç–æ —á–µ–ª –∏–ª–∏ –∞–Ω–∏–º–µ—à–Ω–∏–∫,14,2021-05-01T18:15:20Z
75,UgwR6alFzhoLWWOVg9x4AaABAg,–û–ù–û –ñ–ò–í–û!!!!!!!,Jon karne,1,2021-05-01T18:14:41Z
76,UgxtURjltEtosfJgood4AaABAg,–Ø –Ω–∞–¥–µ—é—Å—å —á—Ç–æ —è —â–∞—Å –Ω–µ –ø—Ä–æ—Å–Ω—É–ª—Å—å –∏ –Ω–µ —É—Å–ª—ã—à—É –µ—Ä–∂–∞–Ω —Ç–µ–±–µ –Ω–∞ —Ä–∞–±–æ—Ç—É –ø–æ—Ä–∞,—Å—Ç—Ä–µ–ª–æ–∫ –º–µ—á–µ–Ω—ã–π,0,2021-05-01T18:13:15Z
77,UgzhfkP_K4YkgWYDTCF4AaABAg,"–•—Ä–µ–Ω–∞ —Å–µ–±–µ, —Ç—ã –∂–∏–≤–æ–π !",D G,6,2021-05-01T18:10:51Z
78,UgzFnqxkFQesLaqxmdZ4AaABAg,–ò —à–µ—Å—Ç–∏ –º–µ—Å—è—Ü–µ–≤ –Ω–µ –ø—Ä–æ—à–ª–æ...,MarrJotTR,0,2021-05-01T18:08:23Z
79,Ugx-2Yl5xE8DA6J-_vR4AaABAg,–õ–∞–¥–Ω–æ,Kimalynüê°,0,2021-05-01T18:06:05Z
80,Ugwzc4WQ0qqL1BRXyFx4AaABAg,9:24 –Æ–ª–∏–∫ –∏ –ö—É–∑—å–º–∞ —Ç–∞–∫–∏–µ —Ö–æ—Ä–æ—à–∏–µ,–ê–ª –°–∫–æ—Ä–∏–∫,8,2021-05-01T18:05:44Z
81,Ugy-S9Nd3sz6ZbP_NrB4AaABAg,–ß–ï–ï–ï–ï–õ –ü–ò–í–ï–¢,–ü–æ–ª–∏–Ω–∞ –î–∞–Ω–∏–ª–æ–≤–∞,0,2021-05-01T18:05:27Z
82,Ugxaz2DSXAEB7frPkRB4AaABAg,–î—É–º–∞—é —Å–∫–æ—Ä–æ –±—É–¥–µ—Ç –∫–æ–Ω–µ—Ü —Å–≤–µ—Ç–∞,–°–∞–Ω–∞–Ω,1,2021-05-01T18:03:22Z
83,UgzlEiPZTeDgJuxrx8p4AaABAg,"–°–ø–∞—Å–∏–±–æ, —Å–ø–∞—Å–∏–±–æ, —Å–ø–∞—Å–∏–±–æ, —Å–ø–∞—Å–∏–±–æ, —Å–ø–∞—Å–∏–±–æ –±–ª....",mika mika,2,2021-05-01T18:02:02Z
84,Ugx-75p9DKgTyTTqmb94AaABAg,"–ï–±–∞—Ç—å, —Ç—ã –∂–∏–≤",Markiz 31,0,2021-05-01T18:01:39Z
85,UgyWzLU1ZJCkPwtN2-J4AaABAg,–£–≤–∏–¥–∏–º—Å—è —á–µ—Ä–µ–∑ 6 –º–µ—Å—è—Ü–µ–≤),Risus Urna,4,2021-05-01T17:59:14Z
86,UgzbWIH4bfC4Us39hl94AaABAg,–ó–æ–º–±–∏!,–ú–∏–Ω–∏ –•–ª–µ–±,0,2021-05-01T17:58:39Z
87,Ugz-bF9-_gPOE7lrc1N4AaABAg,–û—Ö –≤–µ—Ä–Ω—É–ª—Å—è,–í–∏—Ç–æ–ª—å–¥ —ã—ã—ã—ã—ã,1,2021-05-01T17:57:00Z
88,Ugyu0yrMpTnt8cWT8b54AaABAg,"–£—Ä–∞, —Ç—ã –∂–∏–≤–æ–π! :""D",Lil Inky Sans,5,2021-05-01T17:56:13Z
89,Ugx3Uth-p0ZkKecAOoN4AaABAg,—è –¥—É–º–∞–ª —Ç—ã —É–º–µ—Ä.,aza909aza –¢–∞–≤–æ–∫–∏–Ω,0,2021-05-01T17:55:35Z
90,Ugwlu0kEqp6-2DdTZRZ4AaABAg,–ù—É –ø—Ä–∏–≤–µ—Ç!,IgR'ok,0,2021-05-01T17:52:31Z
91,UgztGQcZ-GjgDNAhFA54AaABAg,–ó–∞—Ö–æ–¥–∏—Ç–µ –≤ –º–æ–∏ –ø–ª–µ–π –ª–∏—Å—Ç—ã,Vaniha SB,2,2021-05-01T17:51:15Z
92,UgwrHUJp_awzKbC7BNB4AaABAg,–æ –ª–∞–π–∫ –∑–∞ Eve,Kog,1,2021-05-01T17:51:12Z
93,UgxyYrANSXVc0OYpoYp4AaABAg,"–û–ø–∞ –æ–ø–∞ –æ–ø–ø–∞ –æ–ø–ø–∞
–ê –≤–æ—Ç –∏ –Ω–æ–≤–æ–µ –ø—Ä–∏—à–µ—Å—Ç–≤–∏–µ –Ω–∞—à–µ–≥–æ –∫—Ä–∞—Å–∞–≤—á–∏–∫ –ë–∏—Ñ–æ",–ë–µ–ª—ã–π –ó–º–µ–π,0,2021-05-01T17:50:13Z
94,UgySFsVfd7ymx23OEB94AaABAg,–û—Ç–µ—Ü –≤ —Å–µ–º—å—é –≤–µ—Ä–Ω—É–ª—Å—è —É—Ä–∞,Good Kevin,0,2021-05-01T17:48:59Z
95,UgzXbJY5bF2Y8S_nwTx4AaABAg,–ù–∞–∫–æ–Ω–µ—Ü —Ç–æ –≥–æ–¥–Ω—ã–π –∫–æ–Ω—Ç–µ–Ω—Ç,Gamelife,0,2021-05-01T17:48:45Z
96,Ugx7ldocjMU1qpbsIrB4AaABAg,–û–ù–û –û–ñ–ò–õ–û !!!!,–î–º–∏—Ç—Ä–∏–πÊûúÂÆü,0,2021-05-01T17:46:45Z
97,UgycImCvYRSahqw6eTJ4AaABAg,–û–Ω –≤–µ—Ä–Ω—É–ª—Å—è.,Devochka V Sinem,1,2021-05-01T17:46:33Z
98,Ugw6BMU6hFkCDaGvu294AaABAg,–û–ù–û –ñ–ò–í–û!!! –û–ù–û –ï–°–¢–¨!!!! –≠–¢–û –ú–ê–ì–ò–Ø –ü–ê–°–•–ò!!!! –í–°–ï–ú –ñ–†–ê–¢–¨ –ö–£–õ–ò–ß–ò !!!!,Kane Wolfgang,43,2021-05-01T17:45:45Z
99,Ugyg6NlY0oOVDN9f8Ed4AaABAg,–ù–∞–∑–≤–∞–Ω–∏–µ –º–Ω–æ–≥–æ–µ –æ–±—å—è—Å–Ω—è–µ—Ç,Mahito,0,2021-05-01T17:45:18Z
100,UgyG__gWRvThB7_iV9V4AaABAg,–ù–µ—É–∂–µ–ª–∏ —Ç—ã –≤—Å–µ –µ—â—ë –∂–∏–≤ üóø,L k,0,2021-05-01T17:45:01Z
101,Ugy_1QJZh6zytO2WyKZ4AaABAg,"–û–≥–æ, –¥–µ–¥ –ú–∞–∫—Å–∏–º —Ç–æ –∂–∏–≤ –æ–∫–∞–∑—ã–≤–∞–µ—Ç—Å—è! –° –≤–æ–∑–≤—Ä–∞—â–µ–Ω–∏–µ–º!",DamonaLikai –ò—Ä–∏–¢,2,2021-05-01T17:44:46Z
102,UgyNVTjrnYi48s0en794AaABAg,"–ñ–∏–≤–æ–π,–¥–∞ –ª–∞–¥–Ω–æ",Alan360,0,2021-05-01T17:44:30Z
103,UgwfiKPs7G7arAjaE2J4AaABAg,–°–≤–µ—Ä—à–∏–ª–æ—Å—å! –Ø —É–∂–µ —Å–ø–∏–ª—Å—è –∏ –¥–µ—Å—è—Ç—å —Ä–∞–∑ –ø—Ä–æ—à—ë–ª —ç—Ç—É –∏–≥—Ä—É—à–∫—É –ø–æ–∫–∞ –∂–¥–∞–ª.,–°–∞–ª–∞—É–¥–∏–Ω –ö–æ–Ω—Ñ–æ—Ä,1,2021-05-01T17:44:26Z
104,UgxlgzDw0j7DEAk0oTd4AaABAg,"–û–Ω–æ –ñ–ò–í–û–ï , –ñ–ò–í–û–ï!",TZ_,7,2021-05-01T17:44:17Z
105,Ugw3vlXxtj1LUo1ht0B4AaABAg,"–ù—É—Ö—É–∞, –æ–Ω–æ –∂–∏–≤—ë—Ç!",LeoFunn,1,2021-05-01T17:44:07Z
106,Ugz6267hpLsGnHhTU3V4AaABAg,–û–Ω–æ –∂–∏–≤–æ–µ!!!,ani uch,0,2021-05-01T17:43:52Z
